{
  "cwd": "/Users/melinda.magyar/Documents/f7-vue-minimal",
  "type": [
    "web"
  ],
  "name": "vue3-template",
  "framework": "vue",
  "template": "single-view",
  "cssPreProcessor": false,
  "bundler": "webpack",
  "webpack": {
    "developmentSourceMap": true,
    "productionSourceMap": true,
    "hashAssets": false,
    "preserveAssetsPaths": false,
    "inlineAssets": true
  },
  "theming": {
    "customColor": false,
    "color": "#007aff",
    "darkTheme": false,
    "iconFonts": true,
    "fillBars": false
  },
  "customBuild": false
}